date,high_degree,low_degree,weather_old,weather_new,weather_level,weather_new2,weather_level2,winddirection,windforce,windforce_level
2016/1/1,21,12,晴-多云,多云,2,阴晴云,1,西北风,2级,2
2016/1/2,22,15,多云-阴,阴,3,阴晴云,1,西北风,2级,2
2016/1/3,24,18,阴,阴,3,阴晴云,1,东北风,2级,2
2016/1/4,24,18,小雨,小雨,4,小到中雨,2,东南风,2级,2
2016/1/5,22,16,中到大雨-小雨,中到大雨,9,中到大雨,3,东北风,2级,2
2016/1/6,24,12,晴-多云,多云,2,阴晴云,1,东北风,2级,2
2016/1/7,20,13,多云,多云,2,阴晴云,1,西北风,2级,2
2016/1/8,21,14,多云,多云,2,阴晴云,1,西北风,2级,2
2016/1/9,19,14,多云-阴,阴,3,阴晴云,1,东南风,2级,2
2016/1/10,19,13,小到中雨-中到大雨,中到大雨,9,中到大雨,3,东北风,2级,2
2016/1/11,17,11,多云,多云,2,阴晴云,1,西北风,2级,2
2016/1/12,17,12,阴,阴,3,阴晴云,1,东北风,2级,2
2016/1/13,18,10,多云,多云,2,阴晴云,1,西北风,2级,2
2016/1/14,17,12,阴-小到中雨,小到中雨,7,小到中雨,2,东北风,2级,2
2016/1/15,14,12,中雨-小到中雨,中雨,8,中到大雨,3,东北风,2级,2
2016/1/16,15,12,小雨-中雨,中雨,8,中到大雨,3,东北风,2级,2
2016/1/17,16,9,小雨-多云,小雨,4,小到中雨,2,西北风,2级,2
2016/1/18,19,10,晴-多云,多云,2,阴晴云,1,西北风,2级,2
2016/1/19,17,12,多云-小雨,小雨,4,小到中雨,2,西北风,2级,2
2016/1/20,15,12,小雨,小雨,4,小到中雨,2,西北风,2级,2
2016/1/21,14,10,小到中雨,小到中雨,7,小到中雨,2,西北风,2级,2
2016/1/22,9,4,小到中雨-小雨,小到中雨,7,小到中雨,2,东北风,2级,2
2016/1/23,6,2,阴,阴,3,阴晴云,1,东北风,2级,2
2016/1/24,6,0,小雨-多云,小雨,4,小到中雨,2,东北风,2级,2
2016/1/25,9,2,多云,多云,2,阴晴云,1,西北风,2级,2
2016/1/26,11,9,小雨-中到大雨,中到大雨,9,中到大雨,3,西北风,2级,2
2016/1/27,10,6,中到大雨,中到大雨,9,中到大雨,3,西北风,2级,2
2016/1/28,14,10,大到暴雨,大到暴雨,11,大到暴雨,4,东北风,2级,2
2016/1/29,18,11,小雨-阴,小雨,4,小到中雨,2,西北风,2级,2
2016/1/30,18,11,多云-阴,阴,3,阴晴云,1,东北风,2级,2
2016/1/31,15,8,小雨-中到大雨,中到大雨,9,中到大雨,3,东北风,2级,2
2016/2/1,9,7,中雨-小雨,中雨,8,中到大雨,3,西北风,2级,2
2016/2/2,10,6,小雨-阴,小雨,4,小到中雨,2,东北风,2级,2
2016/2/3,13,7,阴,阴,3,阴晴云,1,西北风,2级,2
2016/2/4,15,8,阴-多云,阴,3,阴晴云,1,东北风,2级,2
2016/2/5,16,7,多云-晴,多云,2,阴晴云,1,东北风,2级,2
2016/2/6,16,6,晴,晴,1,阴晴云,1,西北风,2级,2
2016/2/7,17,5,晴,晴,1,阴晴云,1,西北风,2级,2
2016/2/8,20,6,晴-多云,多云,2,阴晴云,1,西北风,2级,2
2016/2/9,22,7,晴-多云,多云,2,阴晴云,1,西北风,2级,2
2016/2/10,21,15,小雨,小雨,4,小到中雨,2,东北风,2级,2
2016/2/11,22,17,小雨,小雨,4,小到中雨,2,东南风,2级,2
2016/2/12,24,20,小雨,小雨,4,小到中雨,2,东南风,2级,2
2016/2/13,27,17,阴-小雨,小雨,4,小到中雨,2,东南风,2级,2
2016/2/14,19,8,阴,阴,3,阴晴云,1,东北风,2级,2
2016/2/15,12,9,阴,阴,3,阴晴云,1,东北风,2级,2
2016/2/16,14,8,阴-多云,阴,3,阴晴云,1,西北风,2级,2
2016/2/17,15,11,阴,阴,3,阴晴云,1,西北风,2级,2
2016/2/18,16,12,多云-阴,阴,3,阴晴云,1,东北风,2级,2
2016/2/19,15,11,小雨-阴,小雨,4,小到中雨,2,东北风,2级,2
2016/2/20,20,10,多云,多云,2,阴晴云,1,西北风,2级,2
2016/2/21,18,14,阴-小雨,小雨,4,小到中雨,2,东南风,2级,2
2016/2/22,16,11,小雨,小雨,4,小到中雨,2,西北风,2级,2
2016/2/23,14,10,小雨,小雨,4,小到中雨,2,东北风,2级,2
2016/2/24,13,10,阴,阴,3,阴晴云,1,东北风,2级,2
2016/2/25,14,11,阴,阴,3,阴晴云,1,西北风,2级,2
2016/2/26,14,11,阴-多云,阴,3,阴晴云,1,东北风,2级,2
2016/2/27,19,9,晴,晴,1,阴晴云,1,西北风,2级,2
2016/2/28,21,10,晴,晴,1,阴晴云,1,西北风,2级,2
2016/2/29,23,9,晴,晴,1,阴晴云,1,西北风,2级,2
2016/3/1,25,11,晴,晴,1,阴晴云,1,西南风,2级,2
2016/3/2,24,12,晴,晴,1,阴晴云,1,西北风,2级,2
2016/3/3,24,13,晴-多云,多云,2,阴晴云,1,西北风,2级,2
2016/3/4,24,16,多云,多云,2,阴晴云,1,西北风,2级,2
2016/3/5,24,18,多云,多云,2,阴晴云,1,西北风,2级,2
2016/3/6,25,18,多云,多云,2,阴晴云,1,东北风,2级,2
2016/3/7,27,18,多云,多云,2,阴晴云,1,东南风,2级,2
2016/3/8,25,19,多云,多云,2,阴晴云,1,东南风,2级,2
2016/3/9,21,10,大雨,大雨,10,中到大雨,3,无持续风向,2级,2
2016/3/10,11,8,大雨-小雨,大雨,10,中到大雨,3,西北风,2级,2
2016/3/11,11,7,阴,阴,3,阴晴云,1,东北风,2级,2
2016/3/12,14,9,阴,阴,3,阴晴云,1,西北风,2级,2
2016/3/13,14,11,中雨-小雨,中雨,8,中到大雨,3,西北风,2级,2
2016/3/14,18,12,多云-阴,阴,3,阴晴云,1,东南风,2级,2
2016/3/15,17,14,阴,阴,3,阴晴云,1,东北风,2级,2
2016/3/16,17,13,小雨,小雨,4,小到中雨,2,东北风,2级,2
2016/3/17,17,14,小雨,小雨,4,小到中雨,2,东北风,2级,2
2016/3/18,21,18,小到中雨-小雨,小到中雨,7,小到中雨,2,东南风,2级,2
2016/3/19,25,20,小雨-中雨,中雨,8,中到大雨,3,微风,2级,2
2016/3/20,23,19,中到大雨-大雨,大雨,10,中到大雨,3,东南风,2级,2
2016/3/21,21,18,大到暴雨-暴雨,暴雨,12,大到暴雨,4,东北风,2级,2
2016/3/22,20,18,大雨,大雨,10,中到大雨,3,西南风,2级,2
2016/3/23,20,14,大到暴雨-大雨,大到暴雨,11,大到暴雨,4,东北风,2级,2
2016/3/24,16,12,中雨-小雨,中雨,8,中到大雨,3,东北风,2级,2
2016/3/25,18,9,阴-多云,阴,3,阴晴云,1,东北风,2级,2
2016/3/26,21,10,晴,晴,1,阴晴云,1,西北风,2级,2
2016/3/27,23,10,晴,晴,1,阴晴云,1,西北风,2级,2
2016/3/28,23,11,晴-多云,多云,2,阴晴云,1,西北风,2级,2
2016/3/29,23,16,多云,多云,2,阴晴云,1,西北风,2级,2
2016/3/30,23,18,阴,阴,3,阴晴云,1,东北风,2级,2
2016/3/31,25,19,多云,多云,2,阴晴云,1,东北风,2级,2
2016/4/1,27,20,阴-多云,阴,3,阴晴云,1,东南风,2级,2
2016/4/2,27,20,阴,阴,3,阴晴云,1,东南风,2级,2
2016/4/3,26,20,雷阵雨-中到大雨,中到大雨,9,中到大雨,3,东南风,2级,2
2016/4/4,24,20,中到大雨-阵雨,中到大雨,9,中到大雨,3,西南风,2级,2
2016/4/5,27,21,阴,阴,3,阴晴云,1,西南风,2级,2
2016/4/6,27,22,阴,阴,3,阴晴云,1,东南风,2级,2
2016/4/7,28,21,雷阵雨,雷阵雨,6,小到中雨,2,东南风,2级,2
2016/4/8,28,23,多云,多云,2,阴晴云,1,东南风,2级,2
2016/4/9,29,22,阵雨-多云,阵雨,5,小到中雨,2,西北风,2级,2
2016/4/10,25,21,中雨-阵雨,中雨,8,中到大雨,3,东北风,2级,2
2016/4/11,25,21,阴,阴,3,阴晴云,1,东南风,2级,2
2016/4/12,25,20,中到大雨,中到大雨,9,中到大雨,3,东南风,2级,2
2016/4/13,25,20,阵雨,阵雨,5,小到中雨,2,东南风,2级,2
2016/4/14,27,23,阵雨-多云,阵雨,5,小到中雨,2,东南风,2级,2
2016/4/15,27,22,小雨,小雨,4,小到中雨,2,东南风,2级,2
2016/4/16,26,23,雷阵雨,雷阵雨,6,小到中雨,2,东南风,2级,2
2016/4/17,27,19,大雨-大到暴雨,大到暴雨,11,大到暴雨,4,无持续风向,2级,2
2016/4/18,25,19,阵雨-多云,阵雨,5,小到中雨,2,西北风,2级,2
2016/4/19,26,21,多云,多云,2,阴晴云,1,东南风,2级,2
2016/4/20,26,21,中雨-大雨,大雨,10,中到大雨,3,西北风,2级,2
2016/4/21,26,21,中到大雨,中到大雨,9,中到大雨,3,东南风,2级,2
2016/4/22,26,22,中到大雨,中到大雨,9,中到大雨,3,东南风,2级,2
2016/4/23,26,21,大到暴雨,大到暴雨,11,大到暴雨,4,东北风,2级,2
2016/4/24,26,21,大雨,大雨,10,中到大雨,3,东北风,2级,2
2016/4/25,29,23,雷阵雨,雷阵雨,6,小到中雨,2,东南风,2级,2
2016/4/26,28,23,大雨-雷阵雨,大雨,10,中到大雨,3,微风,2级,2
2016/4/27,30,22,多云,多云,2,阴晴云,1,无持续风向,2级,2
2016/4/28,31,22,多云,多云,2,阴晴云,1,西北风,2级,2
2016/4/29,29,22,多云,多云,2,阴晴云,1,东北风,2级,2
2016/4/30,27,22,雷阵雨-多云,雷阵雨,6,小到中雨,2,东北风,2级,2
2016/5/1,28,21,多云,多云,2,阴晴云,1,东南风,2级,2
2016/5/2,29,23,多云-雷阵雨,雷阵雨,6,小到中雨,2,东南风,2级,2
2016/5/3,30,24,多云,多云,2,阴晴云,1,东南风,2级,2
2016/5/4,30,23,多云,多云,2,阴晴云,1,东南风,2级,2
2016/5/5,31,24,雷阵雨,雷阵雨,6,小到中雨,2,东南风,2级,2
2016/5/6,31,25,雷阵雨,雷阵雨,6,小到中雨,2,西北风,2级,2
2016/5/7,31,25,多云,多云,2,阴晴云,1,东南风,2级,2
2016/5/8,32,25,多云,多云,2,阴晴云,1,东南风,2级,2
2016/5/9,32,24,雷阵雨-大到暴雨,大到暴雨,11,大到暴雨,4,东南风,2级,2
2016/5/10,29,23,雷阵雨-阵雨,阵雨,5,小到中雨,2,西北风,2级,2
2016/5/11,31,21,晴,晴,1,阴晴云,1,西北风,2级,2
2016/5/12,32,23,多云,多云,2,阴晴云,1,微风,2级,2
2016/5/13,31,24,多云,多云,2,阴晴云,1,西北风,2级,2
2016/5/14,31,25,多云,多云,2,阴晴云,1,东北风,2级,2
2016/5/15,30,20,中到大雨-阴,中到大雨,9,中到大雨,3,西北风,2级,2
2016/5/16,27,19,多云,多云,2,阴晴云,1,西北风,2级,2
2016/5/17,28,20,多云,多云,2,阴晴云,1,东南风,2级,2
2016/5/18,28,23,多云,多云,2,阴晴云,1,西南风,2级,2
2016/5/19,29,24,多云,多云,2,阴晴云,1,东南风,2级,2
2016/5/20,27,22,暴雨,暴雨,12,大到暴雨,4,东南风,2级,2
2016/5/21,27,23,阵雨-多云,阵雨,5,小到中雨,2,东北风,2级,2
2016/5/22,31,23,晴,晴,1,阴晴云,1,西北风,2级,2
2016/5/23,31,24,晴-多云,多云,2,阴晴云,1,东北风,2级,2
2016/5/24,32,24,多云,多云,2,阴晴云,1,东南风,2级,2
2016/5/25,33,26,多云,多云,2,阴晴云,1,东南风,2级,2
2016/5/26,33,25,多云-雷阵雨,雷阵雨,6,小到中雨,2,东北风,2级,2
2016/5/27,31,25,大雨-雷阵雨,大雨,10,中到大雨,3,东南风,2级,2
2016/5/28,30,25,中雨,中雨,8,中到大雨,3,东北风,2级,2
2016/5/29,32,26,雷阵雨,雷阵雨,6,小到中雨,2,西北风,2级,2
2016/5/30,33,26,多云,多云,2,阴晴云,1,东南风,2级,2
2016/5/31,35,27,多云,多云,2,阴晴云,1,东南风,2级,2
2016/6/1,35,27,晴,晴,1,阴晴云,1,东南风,2级,2
2016/6/2,35,27,晴,晴,1,阴晴云,1,东南风,2级,2
2016/6/3,35,27,雷阵雨,雷阵雨,6,小到中雨,2,东北风,2级,2
2016/6/4,35,24,雷阵雨-大雨,大雨,10,中到大雨,3,西北风,2级,2
2016/6/5,29,24,大到暴雨-中到大雨,大到暴雨,11,大到暴雨,4,西北风,,
2016/6/6,30,24,雷阵雨-多云,雷阵雨,6,小到中雨,2,东北风,2级,2
2016/6/7,32,25,多云-雷阵雨,雷阵雨,6,小到中雨,2,微风,2级,2
2016/6/8,31,24,雷阵雨,雷阵雨,6,小到中雨,2,微风,2级,2
2016/6/9,31,25,雷阵雨,雷阵雨,6,小到中雨,2,西北风,2级,2
2016/6/10,32,25,雷阵雨,雷阵雨,6,小到中雨,2,东北风,2级,2
2016/6/11,31,26,大雨,大雨,10,中到大雨,3,东北风,2级,2
2016/6/12,31,25,大雨-中到大雨,大雨,10,中到大雨,3,西北风,2级,2
2016/6/13,31,25,中到大雨-雷阵雨,中到大雨,9,中到大雨,3,西北风,2级,2
2016/6/14,33,25,大雨-大到暴雨,大到暴雨,11,大到暴雨,4,西北风,2级,2
2016/6/15,33,25,大到暴雨,大到暴雨,11,大到暴雨,4,东北风,2级,2
2016/6/16,31,25,中到大雨-雷阵雨,中到大雨,9,中到大雨,3,西南风,2级,2
2016/6/17,32,26,雷阵雨-多云,雷阵雨,6,小到中雨,2,东北风,2级,2
2016/6/18,34,26,多云-晴,多云,2,阴晴云,1,东南风,2级,2
2016/6/19,35,26,晴-多云,多云,2,阴晴云,1,西南风,2级,2
2016/6/20,33,26,晴,晴,1,阴晴云,1,东南风,2级,2
2016/6/21,35,27,晴,晴,1,阴晴云,1,东南风,2级,2
2016/6/22,36,26,多云,多云,2,阴晴云,1,东南风,2级,2
2016/6/23,35,27,晴,晴,1,阴晴云,1,东南风,2级,2
2016/6/24,35,27,晴-雷阵雨,雷阵雨,6,小到中雨,2,无持续风向,2级,2
2016/6/25,35,27,多云,多云,2,阴晴云,1,东北风,2级,2
2016/6/26,35,28,晴-多云,多云,2,阴晴云,1,东南风,2级,2
2016/6/27,36,27,晴-多云,多云,2,阴晴云,1,西北风,2级,2
2016/6/28,33,26,雷阵雨,雷阵雨,6,小到中雨,2,西北风,2级,2
2016/6/29,32,26,雷阵雨,雷阵雨,6,小到中雨,2,东北风,2级,2
2016/6/30,31,26,中雨-中到大雨,中到大雨,9,中到大雨,3,东南风,2级,2
2016/7/1,32,26,中雨-雷阵雨,中雨,8,中到大雨,3,东南风,2级,2
2016/7/2,32,26,中雨,中雨,8,中到大雨,3,东南风,2级,2
2016/7/3,33,26,中雨-中到大雨,中到大雨,9,中到大雨,3,东南风,2级,2
2016/7/4,32,25,中到大雨,中到大雨,9,中到大雨,3,,2级,2
2016/7/5,33,26,雷阵雨,雷阵雨,6,小到中雨,2,,2级,2
2016/7/6,33,26,雷阵雨-多云,雷阵雨,6,小到中雨,2,,2级,2
2016/7/7,36,26,晴,晴,1,阴晴云,1,,2级,2
2016/7/8,37,27,晴-多云,多云,2,阴晴云,1,,2级,2
2016/7/9,37,28,多云,多云,2,阴晴云,1,,2级,2
2016/7/10,33,25,中雨,中雨,8,中到大雨,3,,2级,2
2016/7/11,33,26,中雨-雷阵雨,中雨,8,中到大雨,3,,2级,2
2016/7/12,32,26,雷阵雨,雷阵雨,6,小到中雨,2,西南风,2级,2
2016/7/13,31,26,雷阵雨,雷阵雨,6,小到中雨,2,北风,2级,2
2016/7/14,33,26,雷阵雨,雷阵雨,6,小到中雨,2,东南风,2级,2
2016/7/15,34,26,雷阵雨转多云,雷阵雨,6,小到中雨,2,东北风,2级,2
2016/7/16,35,27,晴,晴,1,阴晴云,1,东风,2级,2
2016/7/17,35,27,晴,晴,1,阴晴云,1,东风,2级,2
2016/7/18,35,27,晴转多云,多云,2,阴晴云,1,南风,2级,2
2016/7/19,35,27,多云,多云,2,阴晴云,1,东南风,2级,2
2016/7/20,35,27,多云,多云,2,阴晴云,1,东南风,2级,2
2016/7/21,36,27,晴,晴,1,阴晴云,1,南风,2级,2
2016/7/22,36,27,晴,晴,1,阴晴云,1,东风,2级,2
2016/7/23,36,27,晴,晴,1,阴晴云,1,东南风,2级,2
2016/7/24,36,27,晴,晴,1,阴晴云,1,西南风,2级,2
2016/7/25,37,28,晴,晴,1,阴晴云,1,南风,2级,2
2016/7/26,36,26,多云,多云,2,阴晴云,1,东南风,2级,2
2016/7/27,34,27,雷阵雨,雷阵雨,6,小到中雨,2,东南风,2级,2
2016/7/28,35,27,多云,多云,2,阴晴云,1,西风,2级,2
2016/7/29,36,27,晴,晴,1,阴晴云,1,南风,2级,2
2016/7/30,37,28,晴,晴,1,阴晴云,1,西北风,2级,2
2016/7/31,37,27,雷阵雨,雷阵雨,6,小到中雨,2,南风,2级,2
2016/8/1,35,25,雷阵雨,雷阵雨,6,小到中雨,2,微风,微风,0
2016/8/2,29,25,大暴雨,大暴雨,13,大到暴雨,4,微风,1级,1
2016/8/3,31,25,雷阵雨,雷阵雨,6,小到中雨,2,东风,1级,1
2016/8/4,32,26,多云,多云,2,阴晴云,1,东南风,2级,2
2016/8/5,34,26,多云,多云,2,阴晴云,1,北风,1级,1
2016/8/6,35,27,晴,晴,1,阴晴云,1,东北风,1级,1
2016/8/7,36,27,晴,晴,1,阴晴云,1,东风,1级,1
2016/8/8,35,27,雷阵雨,雷阵雨,6,小到中雨,2,东北风,1级,1
2016/8/9,34,25,雷阵雨,雷阵雨,6,小到中雨,2,北风,2级,2
2016/8/10,31,26,中到大雨,中到大雨,9,中到大雨,3,北风,1级,1
2016/8/11,32,26,雷阵雨,雷阵雨,6,小到中雨,2,西南风,1级,1
2016/8/12,30,26,大雨,大雨,10,中到大雨,3,东北风,1级,1
2016/8/13,32,25,雷阵雨,雷阵雨,6,小到中雨,2,东北风,1级,1
2016/8/14,32,26,中雨,中雨,8,中到大雨,3,南风,1级,1
2016/8/15,31,25,大雨,大雨,10,中到大雨,3,南风,微风,0
2016/8/16,31,25,大雨,大雨,10,中到大雨,3,东风,1级,1
2016/8/17,31,25,雷阵雨,雷阵雨,6,小到中雨,2,东南风,2级,2
2016/8/18,30,25,大雨,大雨,10,中到大雨,3,东风,2级,2
2016/8/19,32,26,雷阵雨,雷阵雨,6,小到中雨,2,东南风,1级,1
2016/8/20,34,26,多云,多云,2,阴晴云,1,西南风,微风,0
2016/8/21,35,27,雷阵雨,雷阵雨,6,小到中雨,2,南风,2级,2
2016/8/22,35,27,多云,多云,2,阴晴云,1,东南风,2级,2
2016/8/23,35,27,多云,多云,2,阴晴云,1,西风,微风,0
2016/8/24,36,28,多云,多云,2,阴晴云,1,东北风,1级,1
2016/8/25,36,27,多云,多云,2,阴晴云,1,东北风,1级,1
2016/8/26,35,25,雷阵雨,雷阵雨,6,小到中雨,2,北风,1级,1
2016/8/27,32,24,雷阵雨,雷阵雨,6,小到中雨,2,东北风,2级,2
2016/8/28,33,26,多云,多云,2,阴晴云,1,东北风,2级,2
2016/8/29,33,26,晴,晴,1,阴晴云,1,东北风,2级,2
2016/8/30,32,25,多云,多云,2,阴晴云,1,西南风,1级,1
2016/8/31,33,25,雷阵雨,雷阵雨,6,小到中雨,2,东风,1级,1
2016/9/1,32,25,中到大雨,中到大雨,9,中到大雨,3,北风,1级,1
2016/9/2,31,25,中到大雨,中到大雨,9,中到大雨,3,东南风,1级,1
2016/9/3,31,25,中雨,中雨,8,中到大雨,3,东南风,1级,1
2016/9/4,31,26,雷阵雨,雷阵雨,6,小到中雨,2,东风,1级,1
2016/9/5,32,26,雷阵雨,雷阵雨,6,小到中雨,2,东风,2级,2
2016/9/6,33,26,雷阵雨,雷阵雨,6,小到中雨,2,东北风,1级,1
2016/9/7,31,25,中雨,中雨,8,中到大雨,3,西风,1级,1
2016/9/8,32,26,雷阵雨,雷阵雨,6,小到中雨,2,东北风,1级,1
2016/9/9,32,26,雷阵雨,雷阵雨,6,小到中雨,2,东风,1级,1
2016/9/10,30,25,大雨,大雨,10,中到大雨,3,东北风,1级,1
2016/9/11,30,25,小到中雨,小到中雨,7,小到中雨,2,南风,1级,1
2016/9/12,33,24,多云,多云,2,阴晴云,1,北风,1级,1
2016/9/13,35,26,多云,多云,2,阴晴云,1,东北风,1级,1
2016/9/14,35,26,多云,多云,2,阴晴云,1,东北风,1级,1
2016/9/15,34,25,晴,晴,1,阴晴云,1,北风,1级,1
2016/9/16,34,25,晴,晴,1,阴晴云,1,东北风,2级,2
2016/9/17,34,25,晴,晴,1,阴晴云,1,东北风,1级,1
2016/9/18,33,25,晴,晴,1,阴晴云,1,北风,2级,2
2016/9/19,32,23,晴,晴,1,阴晴云,1,北风,2级,2
2016/9/20,31,24,多云,多云,2,阴晴云,1,东风,1级,1
2016/9/21,31,24,多云,多云,2,阴晴云,1,北风,1级,1
2016/9/22,32,24,晴,晴,1,阴晴云,1,西南风,1级,1
2016/9/23,32,25,晴,晴,1,阴晴云,1,南风,1级,1
2016/9/24,32,25,多云,多云,2,阴晴云,1,东南风,1级,1
2016/9/25,33,26,多云,多云,2,阴晴云,1,西北风,1级,1
2016/9/26,34,26,多云,多云,2,阴晴云,1,东北风,1级,1
2016/9/27,35,27,多云,多云,2,阴晴云,1,南风,1级,1
2016/9/28,34,28,多云,多云,2,阴晴云,1,南风,2级,2
2016/9/29,28,21,阵雨,阵雨,5,小到中雨,2,东风,1级,1
2016/9/30,26,20,阵雨,阵雨,5,小到中雨,2,北风,1级,1
2016/10/1,28,20,阵雨,阵雨,5,小到中雨,2,东风,1级,1
2016/10/2,31,23,多云,多云,2,阴晴云,1,西风,1级,1
2016/10/3,33,24,多云,多云,2,阴晴云,1,南风,微风,0
2016/10/4,32,24,多云,多云,2,阴晴云,1,东风,1级,1
2016/10/5,33,23,多云,多云,2,阴晴云,1,北风,1级,1
2016/10/6,32,25,多云,多云,2,阴晴云,1,东北风,1级,1
2016/10/7,31,25,多云,多云,2,阴晴云,1,北风,1级,1
2016/10/8,31,24,雷阵雨,雷阵雨,6,小到中雨,2,东北风,2级,2
2016/10/9,30,22,多云,多云,2,阴晴云,1,东北风,2级,2
2016/10/10,30,22,多云,多云,2,阴晴云,1,北风,2级,2
2016/10/11,28,21,小雨,小雨,4,小到中雨,2,北风,2级,2
2016/10/12,25,20,小到中雨,小到中雨,7,小到中雨,2,东北风,2级,2
2016/10/13,28,22,多云,多云,2,阴晴云,1,东北风,1级,1
2016/10/14,30,20,多云,多云,2,阴晴云,1,东北风,1级,1
2016/10/15,31,21,多云,多云,2,阴晴云,1,东北风,1级,1
2016/10/16,32,24,晴,晴,1,阴晴云,1,北风,2级,2
2016/10/17,32,23,多云,多云,2,阴晴云,1,北风,2级,2
2016/10/18,26,23,大雨,大雨,10,中到大雨,3,东北风,1级,1
2016/10/19,27,23,阵雨,阵雨,5,小到中雨,2,东南风,1级,1
2016/10/20,31,24,多云,多云,2,阴晴云,1,北风,2级,2
2016/10/21,27,24,暴雨,暴雨,12,大到暴雨,4,西风,2级,2
2016/10/22,30,24,多云,多云,2,阴晴云,1,东南风,1级,1
2016/10/23,31,24,多云,多云,2,阴晴云,1,东风,1级,1
2016/10/24,30,24,多云,多云,2,阴晴云,1,东南风,2级,2
2016/10/25,31,24,多云,多云,2,阴晴云,1,东南风,2级,2
2016/10/26,32,25,晴,晴,1,阴晴云,1,东北风,1级,1
2016/10/27,33,24,晴,晴,1,阴晴云,1,东南风,1级,1
2016/10/28,33,22,晴,晴,1,阴晴云,1,东北风,1级,1
2016/10/29,29,20,多云,多云,2,阴晴云,1,东北风,2级,2
2016/10/30,28,19,晴,晴,1,阴晴云,1,东北风,1级,1
2016/10/31,27,19,多云,多云,2,阴晴云,1,东北风,2级,2
2016/11/1,26,17,多云,多云,2,阴晴云,1,北风,3级,3
2016/11/2,25,17,多云,多云,2,阴晴云,1,东北风,2级,2
2016/11/3,25,16,多云,多云,2,阴晴云,1,东北风,2级,2
2016/11/4,26,17,晴,晴,1,阴晴云,1,东北风,1级,1
2016/11/5,27,17,晴,晴,1,阴晴云,1,北风,1级,1
2016/11/6,28,19,晴,晴,1,阴晴云,1,东北风,1级,1
2016/11/7,29,19,多云,多云,2,阴晴云,1,东北风,1级,1
2016/11/8,25,15,多云,多云,2,阴晴云,1,北风,2级,2
2016/11/9,19,12,阴,阴,3,阴晴云,1,东北风,2级,2
2016/11/10,16,13,小雨,小雨,4,小到中雨,2,北风,1级,1
2016/11/11,16,12,阴,阴,3,阴晴云,1,东北风,1级,1
2016/11/12,22,16,阴,阴,3,阴晴云,1,西南风,1级,1
2016/11/13,28,21,多云,多云,2,阴晴云,1,东南风,1级,1
2016/11/14,29,20,多云,多云,2,阴晴云,1,东北风,1级,1
2016/11/15,29,20,多云,多云,2,阴晴云,1,南风,1级,1
2016/11/16,30,21,多云,多云,2,阴晴云,1,南风,1级,1
2016/11/17,30,21,多云,多云,2,阴晴云,1,东北风,1级,1
2016/11/18,28,22,多云,多云,2,阴晴云,1,东北风,1级,1
2016/11/19,27,22,阵雨,阵雨,5,小到中雨,2,东北风,微风,0
2016/11/20,26,22,小到中雨,小到中雨,7,小到中雨,2,南风,微风,0
2016/11/21,27,22,阵雨,阵雨,5,小到中雨,2,东风,1级,1
2016/11/22,26,18,中到大雨,中到大雨,9,中到大雨,3,东风,1级,1
2016/11/23,18,10,小雨,小雨,4,小到中雨,2,东北风,3级,3
2016/11/24,14,10,阴,阴,3,阴晴云,1,北风,2级,2
2016/11/25,14,11,小雨,小雨,4,小到中雨,2,南风,1级,1
2016/11/26,12,10,中到大雨,中到大雨,9,中到大雨,3,东北风,2级,2
2016/11/27,17,10,多云,多云,2,阴晴云,1,北风,1级,1
2016/11/28,20,11,晴,晴,1,阴晴云,1,东北风,1级,1
2016/11/29,20,11,阴,阴,3,阴晴云,1,西风,1级,1
2016/11/30,19,11,多云,多云,2,阴晴云,1,东北风,1级,1
2016/12/1,22,13,多云,多云,2,阴晴云,1,东北风,1级,1
2016/12/2,23,15,多云,多云,2,阴晴云,1,西南风,微风,0
2016/12/3,23,15,多云,多云,2,阴晴云,1,东北风,1级,1
2016/12/4,25,16,多云,多云,2,阴晴云,1,北风,微风,0
2016/12/5,26,15,多云,多云,2,阴晴云,1,北风,2级,2
2016/12/6,20,11,多云,多云,2,阴晴云,1,东北风,2级,2
2016/12/7,22,12,晴,晴,1,阴晴云,1,南风,1级,1
2016/12/8,23,12,多云,多云,2,阴晴云,1,东北风,1级,1
2016/12/9,24,12,晴,晴,1,阴晴云,1,东北风,1级,1
2016/12/10,24,13,多云,多云,2,阴晴云,1,西北风,微风,0
2016/12/11,25,15,多云,多云,2,阴晴云,1,南风,1级,1
2016/12/12,25,17,多云,多云,2,阴晴云,1,西南风,1级,1
2016/12/13,25,15,多云,多云,2,阴晴云,1,北风,2级,2
2016/12/14,21,11,多云,多云,2,阴晴云,1,东北风,2级,2
2016/12/15,19,10,晴,晴,1,阴晴云,1,东北风,2级,2
2016/12/16,19,8,晴,晴,1,阴晴云,1,东北风,1级,1
2016/12/17,20,9,多云,多云,2,阴晴云,1,北风,微风,0
2016/12/18,22,15,多云,多云,2,阴晴云,1,东北风,1级,1
2016/12/19,24,17,多云,多云,2,阴晴云,1,东北风,1级,1
2016/12/20,26,18,多云,多云,2,阴晴云,1,东北风,1级,1
2016/12/21,26,16,小雨,小雨,4,小到中雨,2,东风,1级,1
2016/12/22,22,12,晴,晴,1,阴晴云,1,北风,2级,2
2016/12/23,22,15,多云,多云,2,阴晴云,1,东北风,微风,0
2016/12/24,20,17,小雨,小雨,4,小到中雨,2,南风,1级,1
2016/12/26,24,11,多云,多云,2,阴晴云,1,东北风,2级,2
2016/12/27,16,7,晴,晴,1,阴晴云,1,东北风,2级,2
2016/12/28,16,8,晴,晴,1,阴晴云,1,东北风,2级,2
2016/12/29,16,7,多云,多云,2,阴晴云,1,北风,2级,2
2016/12/30,19,10,多云,多云,2,阴晴云,1,北风,1级,1
2016/12/31,21,11,多云,多云,2,阴晴云,1,北风,微风,0
2017/1/1,24,13,晴,晴,1,阴晴云,1,西南风,1级,1
2017/1/2,25,15,多云,多云,2,阴晴云,1,东北风,微风,0
2017/1/3,26,16,晴,晴,1,阴晴云,1,北风,1级,1
2017/1/4,27,17,晴,晴,1,阴晴云,1,东北风,1级,1
2017/1/5,25,17,多云,多云,2,阴晴云,1,东北风,1级,1
2017/1/6,26,17,多云,多云,2,阴晴云,1,东北风,1级,1
2017/1/7,25,18,小雨,小雨,4,小到中雨,2,东北风,1级,1
2017/1/8,23,14,多云,多云,2,阴晴云,1,东北风,3级,3
2017/1/9,24,15,多云,多云,2,阴晴云,1,东风,1级,1
2017/1/10,24,15,多云,多云,2,阴晴云,1,东北风,1级,1
2017/1/11,20,13,小雨,小雨,4,小到中雨,2,北风,2级,2
2017/1/12,16,12,小雨,小雨,4,小到中雨,2,东北风,2级,2
2017/1/13,13,11,小雨,小雨,4,小到中雨,2,北风,2级,2
2017/1/14,14,10,小雨,小雨,4,小到中雨,2,北风,1级,1
2017/1/15,14,11,小雨,小雨,4,小到中雨,2,东北风,1级,1
2017/1/16,16,10,小雨,小雨,4,小到中雨,2,东北风,1级,1
2017/1/17,16,12,小雨,小雨,4,小到中雨,2,南风,1级,1
2017/1/18,19,14,阴,阴,3,阴晴云,1,东南风,1级,1
2017/1/19,22,12,小雨,小雨,4,小到中雨,2,南风,1级,1
2017/1/20,18,9,阴,阴,3,阴晴云,1,北风,2级,2
2017/1/21,19,8,晴,晴,1,阴晴云,1,西风,1级,1
2017/1/22,20,9,晴,晴,1,阴晴云,1,南风,1级,1
2017/1/23,21,12,晴,晴,1,阴晴云,1,东北风,1级,1
2017/1/24,19,13,阴,阴,3,阴晴云,1,东北风,1级,1
2017/1/25,22,10,多云,多云,2,阴晴云,1,西风,微风,0
2017/1/26,24,12,晴,晴,1,阴晴云,1,东风,1级,1
2017/1/27,23,11,晴,晴,1,阴晴云,1,北风,1级,1
2017/1/28,24,13,多云,多云,2,阴晴云,1,东风,2级,2
2017/1/29,21,15,小雨,小雨,4,小到中雨,2,西南风,微风,0
2017/1/30,21,12,阴,阴,3,阴晴云,1,东北风,2级,2
2017/1/31,17,12,阴,阴,3,阴晴云,1,东北风,1级,1
2017/2/1,22,12,多云,多云,2,阴晴云,1,东北风,2级,2
2017/2/2,21,13,多云,多云,2,阴晴云,1,东风,微风,0
2017/2/3,20,15,小雨,小雨,4,小到中雨,2,东南风,1级,1
2017/2/4,21,15,小雨,小雨,4,小到中雨,2,东北风,1级,1
2017/2/5,24,16,晴,晴,1,阴晴云,1,西南风,微风,0
2017/2/6,23,15,多云,多云,2,阴晴云,1,东北风,1级,1
2017/2/7,21,14,小雨,小雨,4,小到中雨,2,南风,1级,1
2017/2/8,19,10,小雨,小雨,4,小到中雨,2,东北风,2级,2
2017/2/9,15,8,多云,多云,2,阴晴云,1,东北风,2级,2
2017/2/10,16,8,晴,晴,1,阴晴云,1,东北风,2级,2
2017/2/11,16,6,晴,晴,1,阴晴云,1,南风,1级,1
2017/2/12,19,7,晴,晴,1,阴晴云,1,东北风,1级,1
2017/2/13,21,9,晴,晴,1,阴晴云,1,北风,1级,1
2017/2/14,23,12,晴,晴,1,阴晴云,1,北风,1级,1
2017/2/15,25,12,晴,晴,1,阴晴云,1,南风,1级,1
2017/2/16,25,13,晴,晴,1,阴晴云,1,南风,1级,1
2017/2/17,26,14,晴,晴,1,阴晴云,1,西南风,微风,0
2017/2/18,27,16,晴,晴,1,阴晴云,1,东南风,1级,1
2017/2/19,26,17,多云,多云,2,阴晴云,1,南风,1级,1
2017/2/20,24,18,多云,多云,2,阴晴云,1,东南风,1级,1
2017/2/21,25,18,小雨,小雨,4,小到中雨,2,东南风,2级,2
2017/2/22,25,14,阵雨,阵雨,5,小到中雨,2,北风,1级,1
2017/2/23,14,9,小雨,小雨,4,小到中雨,2,东北风,2级,2
2017/2/24,11,8,小雨,小雨,4,小到中雨,2,东北风,2级,2
2017/2/25,11,8,小雨,小雨,4,小到中雨,2,东北风,1级,1
2017/2/26,15,11,小雨,小雨,4,小到中雨,2,东北风,1级,1
2017/2/27,20,14,多云,多云,2,阴晴云,1,北风,1级,1
2017/2/28,21,15,多云,多云,2,阴晴云,1,东北风,2级,2
2017/3/1,21,13,多云,多云,2,阴晴云,1,东北风,2级,2
2017/3/2,22,10,晴,晴,1,阴晴云,1,北风,1级,1
2017/3/3,23,13,晴,晴,1,阴晴云,1,东风,2级,2
2017/3/6,18,14,小雨,小雨,4,小到中雨,2,东北风,2级,2
2017/3/7,18,14,小雨,小雨,4,小到中雨,2,北风,1级,1
2017/3/8,16,13,小雨,小雨,4,小到中雨,2,北风,1级,1
2017/3/9,18,15,小雨,小雨,4,小到中雨,2,西南风,微风,0
2017/3/10,19,17,小雨,小雨,4,小到中雨,2,西南风,1级,1
2017/3/11,19,17,小雨,小雨,4,小到中雨,2,东风,1级,1
2017/3/12,22,18,小雨,小雨,4,小到中雨,2,南风,1级,1
2017/3/13,25,14,阴,阴,3,阴晴云,1,东风,1级,1
2017/3/14,18,13,小雨,小雨,4,小到中雨,2,东北风,2级,2
2017/3/15,17,13,阴,阴,3,阴晴云,1,西北风,微风,0
2017/3/16,20,16,小雨,小雨,4,小到中雨,2,北风,1级,1
2017/3/17,20,16,阴,阴,3,阴晴云,1,北风,1级,1
2017/3/18,20,17,小雨,小雨,4,小到中雨,2,东南风,1级,1
2017/3/19,21,18,大雨,大雨,10,中到大雨,3,北风,1级,1
2017/3/20,24,18,小雨,小雨,4,小到中雨,2,东北风,1级,1
2017/3/21,25,18,阴,阴,3,阴晴云,1,南风,1级,1
2017/3/22,23,19,中雨,中雨,8,中到大雨,3,东风,1级,1
2017/3/23,24,19,阴,阴,3,阴晴云,1,南风,2级,2
2017/3/24,26,18,阴,阴,3,阴晴云,1,南风,3级,3
2017/3/25,17,11,小雨,小雨,4,小到中雨,2,北风,3级,3
2017/3/26,15,9,阵雨,阵雨,5,小到中雨,2,东风,2级,2
2017/3/27,24,14,晴,晴,1,阴晴云,1,东南风,2级,2
2017/3/28,26,18,多云,多云,2,阴晴云,1,东风,3级,3
2017/3/29,24,20,雷阵雨,雷阵雨,6,小到中雨,2,西南风,2级,2
2017/3/30,26,20,阵雨,阵雨,5,小到中雨,2,东南风,3级,3
2017/3/31,20,13,大雨,大雨,10,中到大雨,3,北风,5级,5
2017/4/1,23,12,晴,晴,1,阴晴云,1,西风,1级,1
2017/4/2,25,14,晴,晴,1,阴晴云,1,东南风,2级,2
2017/4/3,26,16,晴,晴,1,阴晴云,1,南风,3级,3
2017/4/4,27,18,多云,多云,2,阴晴云,1,东南风,3级,3
2017/4/5,27,20,多云,多云,2,阴晴云,1,东南风,3级,3
2017/4/6,26,21,阵雨,阵雨,5,小到中雨,2,东南风,2级,2
2017/4/7,27,21,多云,多云,2,阴晴云,1,东南风,3级,3
2017/4/8,28,23,阵雨,阵雨,5,小到中雨,2,东南风,4级,4
2017/4/9,29,24,多云,多云,2,阴晴云,1,南风,3级,3
2017/4/10,29,19,多云,多云,2,阴晴云,1,东南风,2级,2
2017/4/11,24,17,雷阵雨,雷阵雨,6,小到中雨,2,北风,4级,4
2017/4/12,20,17,中雨,中雨,8,中到大雨,3,北风,2级,2
2017/4/13,22,17,阴,阴,3,阴晴云,1,东南风,2级,2
2017/4/14,24,18,阴,阴,3,阴晴云,1,西南风,2级,2
2017/4/15,26,22,阴,阴,3,阴晴云,1,东南风,2级,2
2017/4/16,29,22,多云,多云,2,阴晴云,1,东南风,2级,2
2017/4/17,30,23,多云,多云,2,阴晴云,1,西风,3级,3
2017/4/18,32,23,阴,阴,3,阴晴云,1,西南风,1级,1
2017/4/19,30,23,阵雨,阵雨,5,小到中雨,2,东风,2级,2
2017/4/20,29,20,中雨,中雨,8,中到大雨,3,东风,3级,3
2017/4/21,28,17,中到大雨,中到大雨,9,中到大雨,3,北风,4级,4
2017/4/22,22,17,阵雨,阵雨,5,小到中雨,2,北风,3级,3
2017/4/23,24,18,阴,阴,3,阴晴云,1,东南风,2级,2
2017/4/24,24,20,阵雨,阵雨,5,小到中雨,2,东北风,2级,2
2017/4/25,24,21,小雨,小雨,4,小到中雨,2,东风,2级,2
2017/4/26,24,20,中雨,中雨,8,中到大雨,3,东北风,1级,1
2017/4/27,23,17,阴,阴,3,阴晴云,1,北风,3级,3
2017/4/28,25,16,晴,晴,1,阴晴云,1,东北风,2级,2
2017/4/29,28,18,多云,多云,2,阴晴云,1,南风,2级,2
2017/4/30,29,21,多云,多云,2,阴晴云,1,东南风,3级,3
2017/5/1,30,23,多云,多云,2,阴晴云,1,东南风,3级,3
2017/5/2,29,24,多云,多云,2,阴晴云,1,东南风,3级,3
2017/5/3,30,24,多云,多云,2,阴晴云,1,东南风,4级,4
2017/5/4,27,21,大雨,大雨,10,中到大雨,3,南风,1级,1
2017/5/5,29,23,多云,多云,2,阴晴云,1,东北风,1级,1
2017/5/6,31,23,多云,多云,2,阴晴云,1,东风,2级,2
2017/5/7,29,24,暴雨,暴雨,12,大到暴雨,4,东南风,2级,2
2017/5/8,29,22,大雨,大雨,10,中到大雨,3,西南风,2级,2
2017/5/9,29,23,阴,阴,3,阴晴云,1,东南风,1级,1
2017/5/10,31,24,多云,多云,2,阴晴云,1,东南风,2级,2
2017/5/11,31,24,多云,多云,2,阴晴云,1,东南风,3级,3
2017/5/12,29,23,雷阵雨,雷阵雨,6,小到中雨,2,西南风,2级,2
2017/5/13,28,23,阵雨,阵雨,5,小到中雨,2,东南风,2级,2
2017/5/14,29,23,多云,多云,2,阴晴云,1,南风,3级,3
2017/5/15,27,23,暴雨,暴雨,12,大到暴雨,4,东风,3级,3
2017/5/16,27,23,多云,多云,2,阴晴云,1,东北风,2级,2
2017/5/17,30,22,多云,多云,2,阴晴云,1,东北风,1级,1
2017/5/18,30,24,阵雨,阵雨,5,小到中雨,2,东风,2级,2
2017/5/19,29,23,阵雨,阵雨,5,小到中雨,2,东风,3级,3
2017/5/20,27,21,阵雨,阵雨,5,小到中雨,2,东风,1级,1
2017/5/21,27,23,阵雨,阵雨,5,小到中雨,2,东风,2级,2
2017/5/22,28,24,中到大雨,中到大雨,9,中到大雨,3,北风,2级,2
2017/5/23,29,23,阵雨,阵雨,5,小到中雨,2,东南风,2级,2
2017/5/24,26,22,大到暴雨,大到暴雨,11,大到暴雨,4,北风,2级,2
2017/5/25,29,22,多云,多云,2,阴晴云,1,北风,3级,3
2017/5/26,30,23,多云,多云,2,阴晴云,1,东北风,2级,2
2017/5/27,31,22,多云,多云,2,阴晴云,1,东北风,2级,2
2017/5/28,32,22,晴,晴,1,阴晴云,1,东风,1级,1
2017/5/29,33,24,多云,多云,2,阴晴云,1,东南风,2级,2
2017/5/30,32,24,多云,多云,2,阴晴云,1,东南风,2级,2
2017/5/31,32,25,多云,多云,2,阴晴云,1,东南风,2级,2
2017/6/1,33,26,雷阵雨,雷阵雨,6,小到中雨,2,东南风,4级,4
2017/6/2,33,25,中雨,中雨,8,中到大雨,3,东北风,2级,2
2017/6/3,33,26,中雨,中雨,8,中到大雨,3,东风,3级,3
2017/6/4,33,26,阵雨,阵雨,5,小到中雨,2,东南风,3级,3
2017/6/5,34,27,雷阵雨,雷阵雨,6,小到中雨,2,东风,4级,4
2017/6/6,34,27,雷阵雨,雷阵雨,6,小到中雨,2,东南风,4级,4
2017/6/7,35,27,多云,多云,2,阴晴云,1,东北风,1级,1
2017/6/8,35,27,多云,多云,2,阴晴云,1,南风,3级,3
2017/6/9,35,27,雷阵雨,雷阵雨,6,小到中雨,2,东南风,1级,1
2017/6/10,34,27,雷阵雨,雷阵雨,6,小到中雨,2,东南风,2级,2
2017/6/11,35,28,晴,晴,1,阴晴云,1,东南风,4级,4
2017/6/12,35,26,雷阵雨,雷阵雨,6,小到中雨,2,北风,2级,2
2017/6/13,32,26,中雨,中雨,8,中到大雨,3,东风,3级,3
2017/6/14,31,26,大到暴雨,大到暴雨,11,大到暴雨,4,东风,1级,1
2017/6/15,32,25,中雨,中雨,8,中到大雨,3,东南风,3级,3
2017/6/16,31,24,大到暴雨,大到暴雨,11,大到暴雨,4,北风,5级,5
2017/6/17,30,25,中雨,中雨,8,中到大雨,3,北风,微风,0
2017/6/18,28,24,中到大雨,中到大雨,9,中到大雨,3,北风,2级,2
2017/6/19,28,25,大雨,大雨,10,中到大雨,3,西南风,2级,2
2017/6/20,28,25,暴雨,暴雨,12,大到暴雨,4,东南风,2级,2
2017/6/21,31,26,中雨,中雨,8,中到大雨,3,东北风,1级,1
2017/6/22,32,26,中雨,中雨,8,中到大雨,3,南风,2级,2
2017/6/23,34,27,雷阵雨,雷阵雨,6,小到中雨,2,东风,2级,2
2017/6/24,33,26,雷阵雨,雷阵雨,6,小到中雨,2,南风,3级,3
2017/6/25,33,27,雷阵雨,雷阵雨,6,小到中雨,2,东风,1级,1
2017/6/26,34,27,雷阵雨,雷阵雨,6,小到中雨,2,西风,4级,4
2017/6/27,34,27,多云,多云,2,阴晴云,1,西南风,4级,4
2017/6/28,35,28,雷阵雨,雷阵雨,6,小到中雨,2,东北风,1级,1
2017/6/29,35,27,雷阵雨,雷阵雨,6,小到中雨,2,东南风,2级,2
2017/6/30,35,27,雷阵雨,雷阵雨,6,小到中雨,2,东南风,2级,2
2017/7/1,34,27,雷阵雨,雷阵雨,6,小到中雨,2,东南风,1级,1
2017/7/2,32,27,中雨,中雨,8,中到大雨,3,西南风,1级,1
2017/7/3,31,26,大雨,大雨,10,中到大雨,3,西南风,1级,1
2017/7/4,30,25,雷阵雨,雷阵雨,6,小到中雨,2,东风,2级,2
2017/7/5,33,26,雷阵雨,雷阵雨,6,小到中雨,2,东北风,1级,1
2017/7/6,33,26,雷阵雨,雷阵雨,6,小到中雨,2,东南风,2级,2
2017/7/7,32,26,中雨,中雨,8,中到大雨,3,东南风,2级,2
2017/7/8,31,26,中雨,中雨,8,中到大雨,3,东南风,2级,2
2017/7/9,32,26,中雨,中雨,8,中到大雨,3,东南风,2级,2
2017/7/10,33,26,雷阵雨,雷阵雨,6,小到中雨,2,东南风,1级,1
2017/7/11,33,26,雷阵雨,雷阵雨,6,小到中雨,2,东南风,1级,1
2017/7/12,34,26,多云,多云,2,阴晴云,1,东风,1级,1
2017/7/13,34,26,雷阵雨,雷阵雨,6,小到中雨,2,东南风,2级,2
2017/7/14,35,27,雷阵雨,雷阵雨,6,小到中雨,2,南风,1级,1
2017/7/15,35,26,雷阵雨,雷阵雨,6,小到中雨,2,东南风,1级,1
2017/7/16,33,26,中雨,中雨,8,中到大雨,3,东风,2级,2
2017/7/17,32,25,中雨,中雨,8,中到大雨,3,东南风,2级,2
2017/7/18,29,24,大雨,大雨,10,中到大雨,3,西南风,1级,1
2017/7/19,31,25,雷阵雨,雷阵雨,6,小到中雨,2,东风,1级,1
2017/7/20,32,25,雷阵雨,雷阵雨,6,小到中雨,2,北风,1级,1
2017/7/21,34,26,多云,多云,2,阴晴云,1,北风,1级,1
2017/7/22,34,25,雷阵雨,雷阵雨,6,小到中雨,2,东南风,1级,1
2017/7/23,33,25,大雨,大雨,10,中到大雨,3,东北风,1级,1
2017/7/24,33,26,雷阵雨,雷阵雨,6,小到中雨,2,东南风,1级,1
2017/7/25,34,26,多云,多云,2,阴晴云,1,东南风,1级,1
2017/7/26,35,26,晴,晴,1,阴晴云,1,南风,2级,2
2017/7/27,35,26,多云,多云,2,阴晴云,1,东南风,2级,2
2017/7/28,35,26,多云,多云,2,阴晴云,1,东南风,1级,1
2017/7/29,37,28,多云,多云,2,阴晴云,1,东风,1级,1
2017/7/30,36,27,雷阵雨,雷阵雨,6,小到中雨,2,南风,1级,1
2017/7/31,36,26,雷阵雨,雷阵雨,6,小到中雨,2,南风,2级,2
2017/8/1,35,28,雷阵雨,雷阵雨,6,小到中雨,2,西风,2级,2
2017/8/2,35,28,雷阵雨,雷阵雨,6,小到中雨,2,东南风,1级,1
2017/8/3,31,27,中雨,中雨,8,中到大雨,3,南风,2级,2
2017/8/4,32,26,雷阵雨,雷阵雨,6,小到中雨,2,东南风,2级,2
2017/8/5,33,26,雷阵雨,雷阵雨,6,小到中雨,2,南风,1级,1
2017/8/6,35,26,多云,多云,2,阴晴云,1,东南风,2级,2
2017/8/7,37,28,晴,晴,1,阴晴云,1,南风,2级,2
2017/8/8,36,28,多云,多云,2,阴晴云,1,南风,2级,2
2017/8/9,35,27,雷阵雨,雷阵雨,6,小到中雨,2,南风,2级,2
2017/8/10,34,27,中雨,中雨,8,中到大雨,3,东南风,1级,1
2017/8/11,34,28,雷阵雨,雷阵雨,6,小到中雨,2,西南风,1级,1
2017/8/12,35,28,多云,多云,2,阴晴云,1,东南风,3级,3
2017/8/13,35,28,多云,多云,2,阴晴云,1,南风,1级,1
2017/8/14,35,28,晴,晴,1,阴晴云,1,南风,1级,1
2017/8/15,35,28,晴,晴,1,阴晴云,1,东南风,2级,2
2017/8/16,34,28,雷阵雨,雷阵雨,6,小到中雨,2,西风,1级,1
2017/8/17,35,28,晴,晴,1,阴晴云,1,东南风,2级,2
2017/8/18,35,28,晴,晴,1,阴晴云,1,东南风,2级,2
2017/8/19,36,28,晴,晴,1,阴晴云,1,东风,2级,2
2017/8/20,36,28,晴,晴,1,阴晴云,1,东风,2级,2
2017/8/21,37,28,晴,晴,1,阴晴云,1,东南风,1级,1
2017/8/22,37,28,多云,多云,2,阴晴云,1,东北风,2级,2
2017/8/23,30,25,大到暴雨,大到暴雨,11,大到暴雨,4,东风,2级,2
2017/8/24,31,26,雷阵雨,雷阵雨,6,小到中雨,2,西风,1级,1
2017/8/25,34,26,雷阵雨,雷阵雨,6,小到中雨,2,北风,1级,1
2017/8/26,35,25,雷阵雨,雷阵雨,6,小到中雨,2,北风,1级,1
2017/8/27,29,24,暴雨,暴雨,12,大到暴雨,4,东风,2级,2
2017/8/28,29,25,大到暴雨,大到暴雨,11,大到暴雨,4,东风,1级,1
2017/8/29,34,25,多云,多云,2,阴晴云,1,东南风,微风,0
2017/8/30,35,26,多云,多云,2,阴晴云,1,东风,2级,2
2017/8/31,35,26,雷阵雨,雷阵雨,6,小到中雨,2,东北风,1级,1
2017/9/1,35,26,雷阵雨,雷阵雨,6,小到中雨,2,东北风,1级,1
2017/9/2,35,26,雷阵雨,雷阵雨,6,小到中雨,2,东风,1级,1
2017/9/3,34,25,雷阵雨,雷阵雨,6,小到中雨,2,东北风,2级,2
2017/9/4,30,25,中雨,中雨,8,中到大雨,3,东南风,微风,0
2017/9/5,33,26,雷阵雨,雷阵雨,6,小到中雨,2,东风,1级,1
2017/9/6,33,26,雷阵雨,雷阵雨,6,小到中雨,2,南风,1级,1
2017/9/7,33,27,雷阵雨,雷阵雨,6,小到中雨,2,东南风,微风,0
2017/9/8,33,26,雷阵雨,雷阵雨,6,小到中雨,2,南风,2级,2
2017/9/9,33,26,雷阵雨,雷阵雨,6,小到中雨,2,东风,1级,1
2017/9/10,33,26,雷阵雨,雷阵雨,6,小到中雨,2,东南风,1级,1
2017/9/11,35,26,雷阵雨,雷阵雨,6,小到中雨,2,东北风,1级,1
2017/9/12,35,27,多云,多云,2,阴晴云,1,东北风,2级,2
2017/9/13,36,27,晴,晴,1,阴晴云,1,东北风,1级,1
2017/9/14,35,26,多云,多云,2,阴晴云,1,东南风,2级,2
2017/9/15,34,26,雷阵雨,雷阵雨,6,小到中雨,2,北风,2级,2
2017/9/16,35,25,晴,晴,1,阴晴云,1,西南风,1级,1
2017/9/17,35,26,晴,晴,1,阴晴云,1,东北风,1级,1
2017/9/18,35,26,晴,晴,1,阴晴云,1,南风,1级,1
2017/9/19,35,26,晴,晴,1,阴晴云,1,南风,1级,1
2017/9/20,34,26,多云,多云,2,阴晴云,1,东南风,2级,2
2017/9/21,34,26,雷阵雨,雷阵雨,6,小到中雨,2,东风,1级,1
2017/9/22,33,26,雷阵雨,雷阵雨,6,小到中雨,2,东南风,2级,2
2017/9/23,34,26,雷阵雨,雷阵雨,6,小到中雨,2,东北风,1级,1
2017/9/24,33,26,雷阵雨,雷阵雨,6,小到中雨,2,东南风,2级,2
2017/9/25,33,27,阵雨,阵雨,5,小到中雨,2,南风,2级,2
2017/9/26,35,27,晴,晴,1,阴晴云,1,东北风,1级,1
2017/9/27,35,27,晴,晴,1,阴晴云,1,东南风,1级,1
2017/9/28,36,26,晴,晴,1,阴晴云,1,东风,2级,2
2017/9/29,34,26,雷阵雨,雷阵雨,6,小到中雨,2,西南风,微风,0
2017/9/30,33,26,雷阵雨,雷阵雨,6,小到中雨,2,东北风,1级,1
2017/10/1,33,26,雷阵雨,雷阵雨,6,小到中雨,2,东风,微风,0
2017/10/2,34,27,多云,多云,2,阴晴云,1,东风,微风,0
2017/10/3,34,25,多云,多云,2,阴晴云,1,东风,1级,1
2017/10/4,33,26,雷阵雨,雷阵雨,6,小到中雨,2,北风,1级,1
2017/10/5,33,26,雷阵雨,雷阵雨,6,小到中雨,2,西风,1级,1
2017/10/6,34,26,多云,多云,2,阴晴云,1,北风,2级,2
2017/10/7,34,25,多云,多云,2,阴晴云,1,东风,微风,0
2017/10/8,34,26,晴,晴,1,阴晴云,1,东北风,1级,1
2017/10/9,33,26,雷阵雨,雷阵雨,6,小到中雨,2,东南风,2级,2
2017/10/10,34,26,多云,多云,2,阴晴云,1,东北风,1级,1
2017/10/11,33,24,多云,多云,2,阴晴云,1,东风,1级,1
2017/10/12,32,24,多云,多云,2,阴晴云,1,北风,3级,3
2017/10/13,29,22,晴,晴,1,阴晴云,1,北风,3级,3
2017/10/14,27,21,多云,多云,2,阴晴云,1,东北风,2级,2
2017/10/15,23,19,中到大雨,中到大雨,9,中到大雨,3,北风,2级,2
2017/10/16,24,20,阵雨,阵雨,5,小到中雨,2,南风,1级,1
2017/10/17,27,20,多云,多云,2,阴晴云,1,东北风,1级,1
2017/10/18,29,21,多云,多云,2,阴晴云,1,东北风,2级,2
2017/10/19,28,21,多云,多云,2,阴晴云,1,东北风,2级,2
2017/10/20,27,20,多云,多云,2,阴晴云,1,东北风,2级,2
2017/10/21,28,19,多云,多云,2,阴晴云,1,北风,3级,3
2017/10/22,27,17,晴,晴,1,阴晴云,1,东北风,2级,2
2017/10/23,26,17,晴,晴,1,阴晴云,1,东风,1级,1
2017/10/24,28,19,晴,晴,1,阴晴云,1,东北风,1级,1
2017/10/25,29,19,晴,晴,1,阴晴云,1,东北风,1级,1
2017/10/26,20,0,晴,晴,1,阴晴云,1,无持续风向,2级,2
2017/10/27,19,0,晴,晴,1,阴晴云,1,无持续风向,2级,2
2017/10/28,18,0,晴,晴,1,阴晴云,1,北风,3级,3
2017/10/29,17,0,晴,晴,1,阴晴云,1,北风,3级,3
2017/10/30,27,16,晴,晴,1,阴晴云,1,北风,2级,2
2017/10/31,27,17,晴,晴,1,阴晴云,1,东北风,1级,1
2017/11/1,27,16,晴,晴,1,阴晴云,1,东北风,1级,1
2017/11/2,28,18,晴,晴,1,阴晴云,1,西北风,1级,1
2017/11/3,29,17,晴,晴,1,阴晴云,1,北风,2级,2
2017/11/4,27,19,多云,多云,2,阴晴云,1,东北风,2级,2
2017/11/5,27,19,多云,多云,2,阴晴云,1,东北风,2级,2
2017/11/6,25,18,小雨,小雨,4,小到中雨,2,东北风,1级,1
2017/11/7,22,17,中雨,中雨,8,中到大雨,3,北风,1级,1
2017/11/8,24,18,小雨,小雨,4,小到中雨,2,北风,1级,1
2017/11/9,27,19,多云,多云,2,阴晴云,1,西风,微风,0
2017/11/10,28,19,多云,多云,2,阴晴云,1,东北风,1级,1
2017/11/11,29,21,多云,多云,2,阴晴云,1,东风,1级,1
2017/11/12,27,20,多云,多云,2,阴晴云,1,东南风,1级,1
2017/11/13,24,19,小雨,小雨,4,小到中雨,2,东北风,1级,1
2017/11/14,25,20,小雨,小雨,4,小到中雨,2,北风,微风,0
2017/11/15,25,20,小雨,小雨,4,小到中雨,2,北风,2级,2
2017/11/16,25,20,多云,多云,2,阴晴云,1,南风,微风,0
2017/11/17,26,16,多云,多云,2,阴晴云,1,东北风,1级,1
2017/11/18,23,13,小雨,小雨,4,小到中雨,2,北风,4级,4
2017/11/19,16,12,小雨,小雨,4,小到中雨,2,北风,3级,3
2017/11/20,15,11,小雨,小雨,4,小到中雨,2,东北风,2级,2
2017/11/21,16,13,阴,阴,3,阴晴云,1,东北风,2级,2
2017/11/22,19,13,多云,多云,2,阴晴云,1,北风,3级,3
2017/11/23,19,14,多云,多云,2,阴晴云,1,北风,2级,2
2017/11/24,15,11,小雨,小雨,4,小到中雨,2,东北风,2级,2
2017/11/25,14,12,阴,阴,3,阴晴云,1,东风,1级,1
2017/11/26,18,14,多云,多云,2,阴晴云,1,北风,2级,2
2017/11/27,22,16,多云,多云,2,阴晴云,1,东北风,1级,1
2017/11/28,24,18,多云,多云,2,阴晴云,1,南风,1级,1
2017/11/29,26,17,多云,多云,2,阴晴云,1,南风,1级,1
2017/11/30,24,14,多云,多云,2,阴晴云,1,东南风,1级,1
2017/12/1,22,14,多云,多云,2,阴晴云,1,东北风,2级,2
2017/12/2,22,15,晴,晴,1,阴晴云,1,东北风,2级,2
2017/12/3,24,15,多云,多云,2,阴晴云,1,东风,微风,0
2017/12/4,22,14,多云,多云,2,阴晴云,1,东北风,1级,1
2017/12/5,21,14,多云,多云,2,阴晴云,1,东北风,1级,1
2017/12/6,22,14,多云,多云,2,阴晴云,1,东北风,1级,1
2017/12/7,23,13,多云,多云,2,阴晴云,1,南风,1级,1
2017/12/8,20,9,多云,多云,2,阴晴云,1,北风,4级,4
2017/12/9,19,9,晴,晴,1,阴晴云,1,东南风,微风,0
2017/12/10,21,11,多云,多云,2,阴晴云,1,东南风,1级,1
2017/12/11,21,14,多云,多云,2,阴晴云,1,西北风,1级,1
2017/12/12,21,15,多云,多云,2,阴晴云,1,北风,1级,1
2017/12/13,19,15,小雨,小雨,4,小到中雨,2,东北风,1级,1
2017/12/14,18,15,阴,阴,3,阴晴云,1,北风,2级,2
2017/12/15,18,10,阴,阴,3,阴晴云,1,东北风,2级,2
2017/12/16,16,7,阴,阴,3,阴晴云,1,东北风,2级,2
2017/12/17,13,6,多云,多云,2,阴晴云,1,东北风,2级,2
2017/12/18,15,7,晴,晴,1,阴晴云,1,北风,2级,2
2017/12/19,16,8,晴,晴,1,阴晴云,1,东北风,2级,2
2017/12/20,18,7,晴,晴,1,阴晴云,1,北风,2级,2
2017/12/21,20,11,晴,晴,1,阴晴云,1,东北风,微风,0
2017/12/22,20,12,晴,晴,1,阴晴云,1,东北风,1级,1
2017/12/23,22,14,多云,多云,2,阴晴云,1,东北风,微风,0
2017/12/24,22,11,多云,多云,2,阴晴云,1,东南风,1级,1
2017/12/25,22,11,晴,晴,1,阴晴云,1,西北风,微风,0
2017/12/26,22,11,多云,多云,2,阴晴云,1,北风,微风,0
2017/12/27,23,14,多云,多云,2,阴晴云,1,北风,1级,1
2017/12/28,21,15,阴,阴,3,阴晴云,1,东风,1级,1
2017/12/29,24,15,多云,多云,2,阴晴云,1,东北风,1级,1
2017/12/30,24,13,多云,多云,2,阴晴云,1,北风,1级,1
2017/12/31,20,11,多云,多云,2,阴晴云,1,北风,2级,2
2018/1/1,21,12,多云,多云,2,阴晴云,1,西南风,1级,1
2018/1/2,20,12,阴,阴,3,阴晴云,1,西南风,微风,0
2018/1/3,22,16,多云,多云,2,阴晴云,1,南风,微风,0
2018/1/4,23,14,阴,阴,3,阴晴云,1,南风,1级,1
2018/1/5,16,13,小雨,小雨,4,小到中雨,2,东北风,2级,2
2018/1/6,15,12,小雨,小雨,4,小到中雨,2,西南风,1级,1
2018/1/7,17,10,阴,阴,3,阴晴云,1,东风,1级,1
2018/1/8,12,5,中雨,中雨,8,中到大雨,3,东北风,2级,2
2018/1/9,8,6,小雨,小雨,4,小到中雨,2,东北风,1级,1
2018/1/10,14,6,多云,多云,2,阴晴云,1,东北风,1级,1
2018/1/11,16,6,晴,晴,1,阴晴云,1,北风,2级,2
2018/1/12,18,6,晴,晴,1,阴晴云,1,南风,微风,0
2018/1/13,19,7,晴,晴,1,阴晴云,1,东北风,1级,1
2018/1/14,20,9,多云,多云,2,阴晴云,1,东风,微风,0
2018/1/15,21,10,晴,晴,1,阴晴云,1,东北风,1级,1
2018/1/16,22,12,多云,多云,2,阴晴云,1,东北风,1级,1
2018/1/17,24,12,晴,晴,1,阴晴云,1,东北风,微风,0
2018/1/18,25,13,多云,多云,2,阴晴云,1,北风,微风,0
2018/1/19,24,16,多云,多云,2,阴晴云,1,东南风,1级,1
2018/1/20,24,18,阴,阴,3,阴晴云,1,东北风,微风,0
2018/1/21,23,16,阴,阴,3,阴晴云,1,西北风,1级,1
2018/1/22,23,15,阴,阴,3,阴晴云,1,北风,2级,2
2018/1/23,23,15,阴,阴,3,阴晴云,1,东北风,1级,1
2018/1/24,22,16,多云,多云,2,阴晴云,1,南风,1级,1
2018/1/25,23,13,多云,多云,2,阴晴云,1,南风,1级,1
2018/1/26,15,10,阴,阴,3,阴晴云,1,东北风,2级,2
2018/1/27,15,11,阴,阴,3,阴晴云,1,东风,1级,1
2018/1/28,11,5,小雨,小雨,4,小到中雨,2,东北风,2级,2
2018/1/29,8,6,小雨,小雨,4,小到中雨,2,东北风,2级,2
2018/1/30,6,3,小雨,小雨,4,小到中雨,2,东北风,2级,2
2018/1/31,8,4,小雨,小雨,4,小到中雨,2,东北风,3级,3
2018/2/1,13,5,晴,晴,1,阴晴云,1,北风,2级,2
2018/2/2,11,6,阴,阴,3,阴晴云,1,东北风,2级,2
2018/2/3,13,4,晴,晴,1,阴晴云,1,东北风,2级,2
2018/2/4,12,6,多云,多云,2,阴晴云,1,东北风,2级,2
2018/2/5,12,4,多云,多云,2,阴晴云,1,东北风,1级,1
2018/2/6,16,4,晴,晴,1,阴晴云,1,北风,1级,1
2018/2/7,16,9,多云,多云,2,阴晴云,1,南风,1级,1
2018/2/8,18,9,多云,多云,2,阴晴云,1,西南风,1级,1
2018/2/9,19,13,阴,阴,3,阴晴云,1,东北风,1级,1
2018/2/10,21,11,多云,多云,2,阴晴云,1,东北风,2级,2
2018/2/11,16,9,阴,阴,3,阴晴云,1,北风,2级,2
2018/2/12,18,7,多云,多云,2,阴晴云,1,东北风,1级,1
2018/2/13,20,9,晴,晴,1,阴晴云,1,东北风,1级,1
2018/2/14,21,10,多云,多云,2,阴晴云,1,南风,1级,1
2018/2/15,25,15,多云,多云,2,阴晴云,1,东北风,微风,0
2018/2/16,26,16,多云,多云,2,阴晴云,1,北风,微风,0
2018/2/17,26,16,多云,多云,2,阴晴云,1,东南风,2级,2
2018/2/18,23,18,阴,阴,3,阴晴云,1,南风,1级,1
2018/2/19,25,19,阴,阴,3,阴晴云,1,南风,1级,1
2018/2/20,27,17,多云,多云,2,阴晴云,1,东南风,1级,1
2018/2/21,21,11,阵雨,阵雨,5,小到中雨,2,东北风,2级,2
2018/2/22,13,10,小雨,小雨,4,小到中雨,2,北风,2级,2
2018/2/23,18,11,多云,多云,2,阴晴云,1,东风,1级,1
2018/2/24,19,14,阴,阴,3,阴晴云,1,东北风,2级,2
2018/2/25,18,12,小雨,小雨,4,小到中雨,2,北风,2级,2
2018/2/26,21,15,多云,多云,2,阴晴云,1,东南风,2级,2
2018/2/27,25,17,多云,多云,2,阴晴云,1,东南风,2级,2
2018/2/28,26,18,阴,阴,3,阴晴云,1,东北风,1级,1
2018/3/1,27,19,多云,多云,2,阴晴云,1,东南风,2级,2
2018/3/2,27,20,多云,多云,2,阴晴云,1,南风,2级,2
2018/3/3,27,21,阴,阴,3,阴晴云,1,东南风,2级,2
2018/3/4,26,22,阵雨,阵雨,5,小到中雨,2,东南风,2级,2
2018/3/5,27,19,阵雨,阵雨,5,小到中雨,2,北风,微风,0
2018/3/6,25,18,阴,阴,3,阴晴云,1,南风,1级,1
2018/3/7,24,11,雷阵雨,雷阵雨,6,小到中雨,2,东北风,2级,2
2018/3/8,13,9,阵雨,阵雨,5,小到中雨,2,北风,3级,3
2018/3/9,19,7,晴,晴,1,阴晴云,1,北风,微风,0
2018/3/10,22,10,晴,晴,1,阴晴云,1,东北风,微风,0
2018/3/11,25,13,晴,晴,1,阴晴云,1,东北风,3级,3
2018/3/12,25,16,多云,多云,2,阴晴云,1,西北风,1级,1
2018/3/13,26,17,多云,多云,2,阴晴云,1,东南风,2级,2
2018/3/14,25,17,阵雨,阵雨,5,小到中雨,2,南风,1级,1
2018/3/15,24,17,雷阵雨,雷阵雨,6,小到中雨,2,东南风,微风,0
2018/3/16,26,18,多云,多云,2,阴晴云,1,东北风,微风,0
2018/3/17,27,20,多云,多云,2,阴晴云,1,东南风,2级,2
2018/3/18,26,19,多云,多云,2,阴晴云,1,西南风,1级,1
2018/3/19,25,14,雷阵雨,雷阵雨,6,小到中雨,2,东北风,1级,1
2018/3/20,20,11,多云,多云,2,阴晴云,1,北风,3级,3
2018/3/21,21,12,晴,晴,1,阴晴云,1,东北风,2级,2
2018/3/22,24,14,晴,晴,1,阴晴云,1,北风,1级,1
2018/3/23,25,14,晴,晴,1,阴晴云,1,南风,2级,2
2018/3/24,25,17,多云,多云,2,阴晴云,1,东风,2级,2
2018/3/25,25,18,阵雨,阵雨,5,小到中雨,2,南风,1级,1
2018/3/26,25,19,多云,多云,2,阴晴云,1,东南风,微风,0
2018/3/27,27,17,多云,多云,2,阴晴云,1,东北风,1级,1
2018/3/28,28,19,多云,多云,2,阴晴云,1,南风,2级,2
2018/3/29,27,19,多云,多云,2,阴晴云,1,南风,1级,1
2018/3/30,27,20,多云,多云,2,阴晴云,1,东北风,1级,1
2018/3/31,28,20,多云,多云,2,阴晴云,1,北风,1级,1
2018/4/1,28,20,多云,多云,2,阴晴云,1,南风,2级,2
2018/4/2,29,21,多云,多云,2,阴晴云,1,东南风,2级,2
2018/4/3,30,21,多云,多云,2,阴晴云,1,东南风,2级,2
2018/4/4,30,21,多云,多云,2,阴晴云,1,东南风,2级,2
2018/4/5,29,20,多云,多云,2,阴晴云,1,西南风,1级,1
2018/4/6,21,15,阵雨,阵雨,5,小到中雨,2,北风,3级,3
2018/4/7,20,11,阵雨,阵雨,5,小到中雨,2,东北风,1级,1
2018/4/8,25,13,晴,晴,1,阴晴云,1,南风,微风,0
2018/4/9,27,15,晴,晴,1,阴晴云,1,南风,2级,2
2018/4/10,28,21,多云,多云,2,阴晴云,1,西南风,1级,1
2018/4/11,29,22,多云,多云,2,阴晴云,1,东风,2级,2
2018/4/12,29,23,多云,多云,2,阴晴云,1,东南风,2级,2
2018/4/13,28,23,晴,晴,1,阴晴云,1,南风,3级,3
2018/4/14,28,18,雷阵雨,雷阵雨,6,小到中雨,2,东北风,2级,2
2018/4/15,19,14,雷阵雨,雷阵雨,6,小到中雨,2,东北风,2级,2
2018/4/16,18,15,中雨,中雨,8,中到大雨,3,北风,2级,2
2018/4/17,24,17,多云,多云,2,阴晴云,1,西风,1级,1
2018/4/18,26,18,多云,多云,2,阴晴云,1,西南风,1级,1
2018/4/19,27,20,多云,多云,2,阴晴云,1,南风,1级,1
2018/4/20,27,22,雷阵雨,雷阵雨,6,小到中雨,2,南风,2级,2
2018/4/21,28,23,阵雨,阵雨,5,小到中雨,2,南风,2级,2
2018/4/22,28,23,多云,多云,2,阴晴云,1,东南风,2级,2
2018/4/23,29,20,雷阵雨,雷阵雨,6,小到中雨,2,东风,1级,1
2018/4/24,25,21,阵雨,阵雨,5,小到中雨,2,南风,1级,1
2018/4/25,26,22,多云,多云,2,阴晴云,1,东南风,1级,1
2018/4/26,25,21,阵雨,阵雨,5,小到中雨,2,东北风,微风,0
2018/4/27,26,22,阵雨,阵雨,5,小到中雨,2,东北风,1级,1
2018/4/28,26,21,阵雨,阵雨,5,小到中雨,2,南风,微风,0
2018/4/29,27,23,阵雨,阵雨,5,小到中雨,2,东北风,1级,1
2018/4/30,29,24,阵雨,阵雨,5,小到中雨,2,东南风,1级,1
2018/5/1,30,24,阵雨,阵雨,5,小到中雨,2,西风,1级,1
2018/5/2,30,24,雷阵雨,雷阵雨,6,小到中雨,2,西南风,1级,1
2018/5/3,30,23,雷阵雨,雷阵雨,6,小到中雨,2,东北风,2级,2
2018/5/4,27,21,阵雨,阵雨,5,小到中雨,2,东北风,微风,0
2018/5/5,29,24,阵雨,阵雨,5,小到中雨,2,南风,2级,2
2018/5/6,30,24,雷阵雨,雷阵雨,6,小到中雨,2,东南风,2级,2
2018/5/7,31,24,雷阵雨,雷阵雨,6,小到中雨,2,南风,1级,1
2018/5/8,28,22,雷阵雨,雷阵雨,6,小到中雨,2,西南风,微风,0
2018/5/9,26,22,中到大雨,中到大雨,9,中到大雨,3,东风,1级,1
2018/5/10,26,21,中雨,中雨,8,中到大雨,3,南风,2级,2
2018/5/11,26,23,阵雨,阵雨,5,小到中雨,2,南风,1级,1
2018/5/12,29,24,多云,多云,2,阴晴云,1,南风,1级,1
2018/5/13,32,24,多云,多云,2,阴晴云,1,东风,微风,0
2018/5/14,33,24,雷阵雨,雷阵雨,6,小到中雨,2,南风,1级,1
2018/5/15,34,26,多云,多云,2,阴晴云,1,东南风,2级,2
2018/5/16,34,25,多云,多云,2,阴晴云,1,东南风,1级,1
2018/5/17,33,26,多云,多云,2,阴晴云,1,北风,1级,1
2018/5/18,34,26,多云,多云,2,阴晴云,1,东南风,2级,2
2018/5/19,35,27,多云,多云,2,阴晴云,1,东南风,2级,2
2018/5/20,35,27,晴,晴,1,阴晴云,1,东南风,1级,1
2018/5/21,35,27,晴,晴,1,阴晴云,1,东南风,2级,2
2018/5/22,35,26,多云,多云,2,阴晴云,1,南风,1级,1
2018/5/23,35,27,多云,多云,2,阴晴云,1,东北风,1级,1
2018/5/24,35,27,多云,多云,2,阴晴云,1,南风,1级,1
2018/5/25,35,27,雷阵雨,雷阵雨,6,小到中雨,2,南风,1级,1
2018/5/26,35,27,雷阵雨,雷阵雨,6,小到中雨,2,东南风,2级,2
2018/5/27,35,27,雷阵雨,雷阵雨,6,小到中雨,2,东北风,1级,1
2018/5/28,35,26,雷阵雨,雷阵雨,6,小到中雨,2,南风,1级,1
2018/5/29,35,27,雷阵雨,雷阵雨,6,小到中雨,2,西南风,2级,2
2018/5/30,35,28,多云,多云,2,阴晴云,1,北风,微风,0
2018/5/31,35,28,雷阵雨,雷阵雨,6,小到中雨,2,南风,1级,1
2018/6/1,35,25,雷阵雨,雷阵雨,6,小到中雨,2,东北风,1级,1
2018/6/2,31,25,中雨,中雨,8,中到大雨,3,东风,1级,1
2018/6/3,33,25,雷阵雨,雷阵雨,6,小到中雨,2,东北风,1级,1
2018/6/4,33,26,雷阵雨,雷阵雨,6,小到中雨,2,东北风,1级,1
2018/6/5,32,25,中雨,中雨,8,中到大雨,3,东风,1级,1
2018/6/6,28,24,大到暴雨,大到暴雨,11,大到暴雨,4,东北风,1级,1
2018/6/7,28,25,暴雨,暴雨,12,大到暴雨,4,东风,1级,1
2018/6/8,28,24,大暴雨,大暴雨,13,大到暴雨,4,东风,微风,0
2018/6/9,30,25,阵雨,阵雨,5,小到中雨,2,北风,1级,1
2018/6/10,32,25,多云,多云,2,阴晴云,1,东南风,1级,1
2018/6/11,34,24,多云,多云,2,阴晴云,1,东北风,1级,1
2018/6/12,30,25,大到暴雨,大到暴雨,11,大到暴雨,4,东南风,2级,2
2018/6/13,28,22,大到暴雨,大到暴雨,11,大到暴雨,4,东北风,1级,1
2018/6/14,31,24,阵雨,阵雨,5,小到中雨,2,东北风,1级,1
2018/6/15,32,25,多云,多云,2,阴晴云,1,东北风,1级,1
2018/6/16,31,25,多云,多云,2,阴晴云,1,东北风,1级,1
2018/6/17,33,26,雷阵雨,雷阵雨,6,小到中雨,2,东北风,1级,1
2018/6/18,33,26,雷阵雨,雷阵雨,6,小到中雨,2,南风,2级,2
2018/6/19,33,27,雷阵雨,雷阵雨,6,小到中雨,2,东南风,1级,1
2018/6/20,34,28,雷阵雨,雷阵雨,6,小到中雨,2,南风,2级,2
2018/6/21,33,27,雷阵雨,雷阵雨,6,小到中雨,2,东南风,1级,1
2018/6/22,32,25,中雨,中雨,8,中到大雨,3,南风,1级,1
2018/6/23,30,24,中雨,中雨,8,中到大雨,3,东南风,1级,1
2018/6/24,32,25,雷阵雨,雷阵雨,6,小到中雨,2,南风,2级,2
2018/6/25,33,26,雷阵雨,雷阵雨,6,小到中雨,2,东风,2级,2
2018/6/26,33,26,雷阵雨,雷阵雨,6,小到中雨,2,西南风,1级,1
2018/6/27,34,26,多云,多云,2,阴晴云,1,微风,2级,2
2018/6/28,35,27,多云,多云,2,阴晴云,1,东南风,2级,2
2018/6/29,35,28,多云,多云,2,阴晴云,1,西南风,2级,2
2018/6/30,35,27,雷阵雨,雷阵雨,6,小到中雨,2,南风,2级,2